"Title","CPI WEIGHTS 02.1.1 : SPIRITS"
"CDID","CJWM"
"Source dataset ID","MM23"
"PreUnit",""
"Unit","Parts per 1000"
"Release date","16-09-2026"
"Next release","21 October 2026"
"Important notes",
"1988","8.0000"
"1989","7.0000"
"1990","6.0000"
"1991","8.0000"
"1992","11.0000"
"1993","9.0000"
"1994","9.0000"
"1995","9.0000"
"1996","10.0000"
"1997","10.0000"
"1998","9.0000"
"1999","8.0000"
"2000","7.0000"
"2001","5.0000"
"2002","5.0000"
"2003","5.0000"
"2004","5.0000"
"2005","5.0000"
"2006","5.0000"
"2007","5.0000"
"2008","5.0000"
"2009","6.0000"
"2010","5.0000"
"2011","5.0000"
"2012","5.0000"
"2013","6.0000"
"2014","6.0000"
"2015","5.0000"
"2016","5.0000"
"2017","6.0000"
"2018","6.0000"
"2019","5.0000"
"2020","6.0000"
"2021","7.0000"
"2022","8.0000"
"2023","6.0000"
"2024","6.0627"
"2025","5.6214"
"2026","5.9470"
